Recipient Region,Bottle Size (mL),Bottle Count,Delivery Date
"NC, USA",100,30,2025-01-06
"NC, USA",100,24,2025-01-06
"NC, USA",100,6,2025-01-06
"NC, USA",100,40,2025-01-06
"NC, USA",100,24,2025-01-06
"NC, USA",100,16,2025-01-06
"NC, USA",100,18,2025-01-06
"NC, USA",100,12,2025-01-06
"NC, USA",100,5,2025-01-06
"NC, USA",100,45,2025-01-06
"NC, USA",100,37,2025-01-06
"NC, USA",100,13,2025-01-13
"NC, USA",100,20,2025-01-13
"NC, USA",100,30,2025-01-13
"NC, USA",100,25,2025-01-13
"NC, USA",100,5,2025-01-13
"NC, USA",100,46,2025-01-13
"NC, USA",100,4,2025-01-13
"NC, USA",100,37,2025-01-13
"NC, USA",100,8,2025-01-13
"NC, USA",100,5,2025-01-13
"NC, USA",100,4,2025-01-13
"NC, USA",100,46,2025-01-13
"NC, USA",100,44,2025-01-13
"NC, USA",100,6,2025-01-13
"NC, USA",100,7,2025-01-13
"NC, USA",100,43,2025-01-13
"NC, USA",100,44,2025-01-13
"NC, USA",100,6,2025-01-20
"NC, USA",100,19,2025-01-20
"NC, USA",100,31,2025-01-20
"NC, USA",100,5,2025-01-20
"NC, USA",100,39,2025-01-20
"NC, USA",100,6,2025-01-20
"NC, USA",100,22,2025-01-20
"NC, USA",100,4,2025-01-20
"NC, USA",100,5,2025-01-20
"NC, USA",100,19,2025-01-20
"NC, USA",100,4,2025-01-27
"NC, USA",100,46,2025-01-27
"NC, USA",100,9,2025-01-27
"NC, USA",100,41,2025-01-27
"NC, USA",100,12,2025-01-27
"NC, USA",100,38,2025-01-27
"NC, USA",100,29,2025-01-27
"NC, USA",100,21,2025-01-27
"NC, USA",100,10,2025-02-03
"NC, USA",100,20,2025-02-03
"NC, USA",100,33,2025-02-03
"NC, USA",100,25,2025-02-03
"NC, USA",100,19,2025-02-03
"NC, USA",100,10,2025-02-03
"NC, USA",100,10,2025-02-03
"NC, USA",100,19,2025-02-03
"NC, USA",100,29,2025-02-03
"NC, USA",100,10,2025-02-03
"NC, USA",100,30,2025-02-03
"NC, USA",100,23,2025-02-03
"NC, USA",100,6,2025-02-03
"NC, USA",100,8,2025-02-03
"NC, USA",100,7,2025-02-03
"NC, USA",100,15,2025-02-03
"NC, USA",100,15,2025-02-03
"NC, USA",100,13,2025-02-03
"NC, USA",100,2,2025-02-03
"NC, USA",100,8,2025-02-03
"NC, USA",100,7,2025-02-03
"NC, USA",100,19,2025-02-03
"NC, USA",100,1,2025-02-10
"NC, USA",100,20,2025-02-10
"NC, USA",100,20,2025-02-10
"NC, USA",100,25,2025-02-10
"NC, USA",100,9,2025-02-10
"NC, USA",100,21,2025-02-10
"NC, USA",100,15,2025-02-10
"NC, USA",100,15,2025-02-10
"NC, USA",100,3,2025-02-10
"NC, USA",100,12,2025-02-10
"NC, USA",100,15,2025-02-10
"NC, USA",100,12,2025-02-10
"NC, USA",100,3,2025-02-17
"NC, USA",100,15,2025-02-17
"NC, USA",100,15,2025-02-17
"NC, USA",100,15,2025-02-17
"NC, USA",100,15,2025-02-17
"NC, USA",100,15,2025-02-17
"NC, USA",100,15,2025-02-17
"NC, USA",100,15,2025-02-17
"NC, USA",100,15,2025-02-17
"NC, USA",100,15,2025-02-17
"NC, USA",100,3,2025-02-24
"NC, USA",100,12,2025-02-24
"NC, USA",100,15,2025-02-24
"NC, USA",100,15,2025-02-24
"NC, USA",100,15,2025-02-24
"NC, USA",100,15,2025-02-24
"NC, USA",100,1,2025-02-24
"NC, USA",100,14,2025-02-24
"NC, USA",100,7,2025-02-24
"NC, USA",100,7,2025-02-24
"NC, USA",100,1,2025-03-03
"NC, USA",100,11,2025-03-03
"NC, USA",100,4,2025-03-03
"NC, USA",100,30,2025-03-03
"NC, USA",100,15,2025-03-03
"NC, USA",100,26,2025-03-03
"NC, USA",100,46,2025-03-03
"NC, USA",100,28,2025-03-03
"NC, USA",100,46,2025-03-03
"NC, USA",100,46,2025-03-03
"NC, USA",100,8,2025-03-03
"NC, USA",100,45,2025-03-03
"NC, USA",100,5,2025-03-03
"NC, USA",100,27,2025-03-03
"NC, USA",100,46,2025-03-03
"NC, USA",100,46,2025-03-03
"NC, USA",100,36,2025-03-03
"NC, USA",100,15,2025-03-03
"NC, USA",100,31,2025-03-03
"NC, USA",100,46,2025-03-03
"NC, USA",100,44,2025-03-03
"NC, USA",100,35,2025-03-03
"NC, USA",100,44,2025-03-03
"NC, USA",100,30,2025-03-03
"NC, USA",100,46,2025-03-03
"NC, USA",100,46,2025-03-10
"NC, USA",100,46,2025-03-10
"NC, USA",100,32,2025-03-10
"NC, USA",100,26,2025-03-10
"NC, USA",100,24,2025-03-10
"NC, USA",100,46,2025-03-10
"NC, USA",100,46,2025-03-10
"NC, USA",100,8,2025-03-10
"NC, USA",100,22,2025-03-17
"NC, USA",100,3,2025-03-17
"NC, USA",100,35,2025-03-17
"NC, USA",100,32,2025-03-17
"NC, USA",100,33,2025-03-17
"NC, USA",100,32,2025-03-17
"NC, USA",100,18,2025-03-17
"NC, USA",100,46,2025-03-17
"NC, USA",100,4,2025-03-17
"NC, USA",100,39,2025-03-17
"NC, USA",100,23,2025-03-17
"NC, USA",100,13,2025-03-24
"NC, USA",100,23,2025-03-24
"NC, USA",100,46,2025-03-24
"NC, USA",100,6,2025-03-24
"NC, USA",100,45,2025-03-24
"NC, USA",100,9,2025-03-24
"NC, USA",100,46,2025-03-24
"NC, USA",100,3,2025-03-24
"NC, USA",100,45,2025-03-24
"NC, USA",100,2,2025-03-24
"NC, USA",100,34,2025-03-24